order_id,user_id,user_name,email,phone,restaurant_id,restaurant_name,cuisine_type,items_ordered,item_count,subtotal_usd,delivery_fee_usd,discount_usd,promo_code,tax_usd,total_amount_usd,payment_method,order_timestamp,estimated_delivery_min,actual_delivery_min,order_status,customer_rating,delivery_address,city
ORD00001,USR2824,Alice Johnson,alice.johnson45@email.com,+1-450-328-3286,R002,Pizza Heaven,Pizza,Caesar Salad; Margherita Pizza; BBQ Chicken Pizza,3,32.34,0.99,0.0,None,2.59,35.92,Apple Pay,2024-04-21 12:32:00,21,33,Delivered,2,"460 Lake Dr, Houston",Houston
ORD00002,USR5557,Alice Johnson,alice.johnson30@email.com,+1-914-532-6574,R005,Green Bowl,Healthy,Quinoa Salad,1,62.58,2.49,0.0,None,5.01,70.08,PayPal,2024-02-17 15:06:00,42,48,Cancelled,,"748 Park Blvd, New York",New York
ORD00003,USR9785,Diana Lee,diana.lee58@email.com,+1-280-665-5803,R010,Pasta Corner,Italian,Tiramisu; Fettuccine Alfredo,2,48.31,0.99,4.83,SAVE10,3.86,48.33,Apple Pay,2024-05-28 10:54:00,34,32,Delivered,4,"167 Elm Rd, Philadelphia",Philadelphia
ORD00004,USR6820,George Kim,george.kim95@email.com,+1-473-818-2169,R010,Pasta Corner,Italian,Fettuccine Alfredo; Tiramisu; Spaghetti Bolognese,3,34.62,2.49,3.46,SAVE10,2.77,36.42,Credit Card,2024-12-16 14:53:00,23,,Pending,,"411 Elm Rd, Philadelphia",Philadelphia
ORD00005,USR2084,George Kim,george.kim82@email.com,+1-935-422-4483,R008,The Grill,BBQ,Corn on the Cob; Pulled Pork Sandwich,2,23.47,1.99,4.69,FIRST20,1.88,22.65,Google Pay,2024-10-26 15:57:00,45,51,Delivered,4,"94 Main St, San Diego",San Diego
ORD00006,USR2796,Ethan Brown,ethan.brown90@email.com,+1-363-911-7916,R010,Pasta Corner,Italian,Penne Arrabbiata,1,30.06,2.99,6.01,FIRST20,2.4,29.44,PayPal,2024-10-10 22:00:00,27,43,Cancelled,,"115 Elm Rd, Philadelphia",Philadelphia
ORD00007,USR8123,Fatima Hassan,fatima.hassan68@email.com,+1-203-839-5315,R009,Sweet Treats,Desserts,Macarons,1,60.06,2.49,6.01,SAVE10,4.8,61.34,Google Pay,2024-03-19 14:48:00,30,,Pending,,"614 Elm Rd, New York",New York
ORD00008,USR9005,Alice Johnson,alice.johnson24@email.com,+1-571-999-6038,R004,Taco Fiesta,Mexican,Chicken Burrito,1,58.11,0.99,0.0,None,4.65,63.75,Cash on Delivery,2024-09-05 22:04:00,54,73,Delivered,4,"970 Lake Dr, San Diego",San Diego
ORD00009,USR3705,Ivan Petrov,ivan.petrov77@email.com,+1-821-533-4470,R009,Sweet Treats,Desserts,Cheesecake Slice; Ice Cream Sundae; Macarons,3,64.73,2.49,0.0,None,5.18,72.4,Credit Card,2024-09-21 16:07:00,35,37,Delivered,5,"603 Oak Ave, Houston",Houston
ORD00010,USR1117,Carlos Rivera,carlos.rivera90@email.com,+1-260-334-2104,R001,Burger Palace,Fast Food,Classic Burger; Double Cheeseburger,2,24.23,2.99,2.42,SAVE10,1.94,26.74,Apple Pay,2024-10-03 11:46:00,50,,Pending,,"195 Main St, San Antonio",San Antonio
ORD00011,USR2588,Nina Scott,nina.scott55@email.com,+1-633-520-8651,R001,Burger Palace,Fast Food,Classic Burger; Onion Rings; Double Cheeseburger,3,49.64,0.99,4.96,SAVE10,3.97,49.64,PayPal,2024-04-08 12:34:00,48,47,Delivered,4,"256 Main St, San Diego",San Diego
ORD00012,USR8260,Rachel Turner,rachel.turner22@email.com,+1-251-767-9856,R001,Burger Palace,Fast Food,Double Cheeseburger,1,17.9,2.99,0.0,None,1.43,22.32,Apple Pay,2024-04-19 22:25:00,23,23,Delivered,3,"949 Park Blvd, Phoenix",Phoenix
ORD00013,USR5673,Nina Scott,nina.scott99@email.com,+1-948-902-8973,R003,Sushi World,Japanese,Miso Soup,1,20.8,0.99,0.0,None,1.66,23.45,Google Pay,2024-06-09 09:03:00,50,,Pending,,"59 Lake Dr, Chicago",Chicago
ORD00014,USR2312,Fatima Hassan,fatima.hassan18@email.com,+1-809-169-4853,R007,Shawarma King,Middle Eastern,Fattoush Salad,1,22.41,3.49,0.0,None,1.79,27.69,Cash on Delivery,2024-11-13 10:26:00,53,58,Delivered,4,"245 Elm Rd, Philadelphia",Philadelphia
ORD00015,USR7484,Ethan Brown,ethan.brown95@email.com,+1-860-407-8491,R006,Noodle House,Asian,Pad Thai,1,34.39,3.49,0.0,None,2.75,40.63,Credit Card,2024-02-07 17:13:00,52,55,Delivered,5,"379 Elm Rd, Houston",Houston
ORD00016,USR3584,Omar Khalid,omar.khalid79@email.com,+1-920-409-9666,R001,Burger Palace,Fast Food,Onion Rings; Chicken Sandwich; Fries,3,14.35,1.99,2.87,FIRST20,1.15,14.62,Google Pay,2024-02-29 10:47:00,55,54,Delivered,4,"735 Elm Rd, Houston",Houston
ORD00017,USR4335,Ivan Petrov,ivan.petrov74@email.com,+1-700-357-1832,R002,Pizza Heaven,Pizza,Garlic Bread; BBQ Chicken Pizza; Margherita Pizza,3,8.7,1.99,1.74,FIRST20,0.7,9.65,Credit Card,2024-03-23 20:28:00,55,72,Delivered,2,"78 Oak Ave, Los Angeles",Los Angeles
ORD00018,USR9938,Bob Smith,bob.smith57@email.com,+1-796-665-3426,R007,Shawarma King,Middle Eastern,Chicken Shawarma,1,25.92,0.99,3.89,WEEKEND15,2.07,25.09,Google Pay,2024-04-17 19:15:00,26,,Pending,,"998 Lake Dr, San Antonio",San Antonio
ORD00019,USR3532,Hannah White,hannah.white30@email.com,+1-381-522-1406,R003,Sushi World,Japanese,Miso Soup; Edamame; Teriyaki Bowl,3,57.32,1.99,11.46,FIRST20,4.59,52.44,Credit Card,2024-03-22 21:44:00,26,,Pending,,"228 Oak Ave, San Diego",San Diego
ORD00020,USR8541,Laura Gomez,laura.gomez49@email.com,+1-433-328-1387,R004,Taco Fiesta,Mexican,Nachos; Guacamole,2,57.34,2.49,8.6,WEEKEND15,4.59,55.82,PayPal,2024-11-24 17:25:00,54,59,Delivered,3,"595 Elm Rd, Chicago",Chicago
ORD00021,USR1626,Diana Lee,diana.lee86@email.com,+1-644-453-6139,R007,Shawarma King,Middle Eastern,Fattoush Salad; Chicken Shawarma; Falafel Wrap,3,59.32,1.99,11.86,FIRST20,4.75,54.2,Google Pay,2024-01-23 20:27:00,20,,Pending,,"373 Park Blvd, Houston",Houston
ORD00022,USR2146,Kevin Patel,kevin.patel89@email.com,+1-521-779-3041,R005,Green Bowl,Healthy,Smoothie; Veggie Wrap; Quinoa Salad,3,31.24,2.49,0.0,None,2.5,36.23,Google Pay,2024-04-08 15:42:00,44,60,Refunded,4,"416 Lake Dr, Phoenix",Phoenix
ORD00023,USR1006,Julia Chen,julia.chen46@email.com,+1-415-540-6279,R008,The Grill,BBQ,Corn on the Cob; Pulled Pork Sandwich,2,37.38,1.99,0.0,None,2.99,42.36,Debit Card,2024-05-25 17:42:00,41,,Pending,,"231 Oak Ave, Phoenix",Phoenix
ORD00024,USR3414,Alice Johnson,alice.johnson15@email.com,+1-450-586-2193,R008,The Grill,BBQ,Coleslaw; Pulled Pork Sandwich,2,49.09,2.99,0.0,None,3.93,56.01,Credit Card,2024-07-23 12:09:00,20,,Pending,,"225 Oak Ave, San Antonio",San Antonio
ORD00025,USR9486,Omar Khalid,omar.khalid16@email.com,+1-770-355-2988,R008,The Grill,BBQ,Corn on the Cob,1,46.22,3.49,6.93,WEEKEND15,3.7,46.48,Google Pay,2024-08-14 18:52:00,52,,Pending,,"919 Oak Ave, San Diego",San Diego
ORD00026,USR8777,Omar Khalid,omar.khalid43@email.com,+1-969-353-5543,R009,Sweet Treats,Desserts,Cheesecake Slice; Ice Cream Sundae,2,33.35,2.49,3.34,SAVE10,2.67,35.17,Debit Card,2024-05-19 14:20:00,54,51,Delivered,4,"711 Oak Ave, San Antonio",San Antonio
ORD00027,USR4505,Carlos Rivera,carlos.rivera63@email.com,+1-617-438-9890,R008,The Grill,BBQ,BBQ Ribs; Pulled Pork Sandwich,2,55.56,2.99,0.0,None,4.44,62.99,Apple Pay,2024-10-21 15:30:00,20,26,Delivered,5,"500 Oak Ave, Houston",Houston
ORD00028,USR5471,Nina Scott,nina.scott72@email.com,+1-229-498-6507,R007,Shawarma King,Middle Eastern,Falafel Wrap; Mixed Grill; Chicken Shawarma,3,63.91,3.49,0.0,None,5.11,72.51,Debit Card,2024-07-20 18:36:00,21,18,Refunded,5,"187 Main St, San Diego",San Diego
ORD00029,USR5262,Michael Davis,michael.davis51@email.com,+1-416-565-6355,R006,Noodle House,Asian,Dumplings; Fried Rice,2,22.75,0.99,0.0,None,1.82,25.56,Cash on Delivery,2024-01-10 20:34:00,23,29,Delivered,3,"773 Main St, New York",New York
ORD00030,USR5051,George Kim,george.kim12@email.com,+1-836-256-4908,R003,Sushi World,Japanese,Salmon Sashimi; Dragon Roll,2,34.77,2.49,5.22,WEEKEND15,2.78,34.82,Debit Card,2024-03-26 18:38:00,27,,Pending,,"111 Lake Dr, Phoenix",Phoenix
ORD00031,USR1420,Julia Chen,julia.chen83@email.com,+1-893-484-7498,R004,Taco Fiesta,Mexican,Guacamole,1,47.52,1.99,0.0,None,3.8,53.31,Credit Card,2024-12-22 21:19:00,27,47,Cancelled,,"546 Park Blvd, Philadelphia",Philadelphia
ORD00032,USR7071,Carlos Rivera,carlos.rivera74@email.com,+1-863-449-1207,R007,Shawarma King,Middle Eastern,Chicken Shawarma; Mixed Grill,2,62.78,2.99,0.0,None,5.02,70.79,Google Pay,2024-08-10 11:46:00,53,68,Delivered,1,"477 Park Blvd, San Diego",San Diego
ORD00033,USR5397,Kevin Patel,kevin.patel41@email.com,+1-288-385-8385,R004,Taco Fiesta,Mexican,Guacamole; Quesadilla,2,27.51,2.99,4.13,WEEKEND15,2.2,28.57,PayPal,2024-04-03 16:13:00,42,62,Delivered,5,"570 Main St, Phoenix",Phoenix
ORD00034,USR9464,George Kim,george.kim20@email.com,+1-447-837-7658,R008,The Grill,BBQ,Pulled Pork Sandwich; Corn on the Cob; Brisket Plate,3,48.72,2.99,0.0,None,3.9,55.61,Cash on Delivery,2024-02-17 13:14:00,45,62,Delivered,4,"485 Lake Dr, Philadelphia",Philadelphia
ORD00035,USR9698,Laura Gomez,laura.gomez64@email.com,+1-963-663-6419,R006,Noodle House,Asian,Fried Rice; Dumplings; Ramen Bowl,3,22.7,0.99,2.27,SAVE10,1.82,23.24,Debit Card,2024-06-10 10:47:00,54,73,Refunded,4,"757 Park Blvd, Houston",Houston
ORD00036,USR5530,Samuel Wright,samuel.wright77@email.com,+1-811-389-2647,R004,Taco Fiesta,Mexican,Chicken Burrito; Nachos,2,18.64,0.99,0.0,None,1.49,21.12,Cash on Delivery,2024-05-20 09:03:00,55,59,Refunded,4,"106 Main St, San Diego",San Diego
ORD00037,USR5658,Patricia Moore,patricia.moore71@email.com,+1-651-448-4020,R001,Burger Palace,Fast Food,Fries; Classic Burger,2,54.95,2.99,0.0,None,4.4,62.34,PayPal,2024-02-07 18:40:00,23,22,Delivered,1,"255 Main St, Los Angeles",Los Angeles
ORD00038,USR7818,Tina Hall,tina.hall86@email.com,+1-833-331-9561,R007,Shawarma King,Middle Eastern,Mixed Grill; Hummus Plate,2,57.1,2.99,11.42,FIRST20,4.57,53.24,PayPal,2024-10-18 18:03:00,26,45,Delivered,4,"161 Oak Ave, Los Angeles",Los Angeles
ORD00039,USR3847,Rachel Turner,rachel.turner19@email.com,+1-360-102-7693,R008,The Grill,BBQ,Coleslaw; Corn on the Cob; Pulled Pork Sandwich,3,10.34,2.49,2.07,FIRST20,0.83,11.59,Cash on Delivery,2024-12-25 22:29:00,24,40,Delivered,4,"436 Main St, Houston",Houston
ORD00040,USR9922,Hannah White,hannah.white92@email.com,+1-352-372-3330,R002,Pizza Heaven,Pizza,Pepperoni Pizza,1,53.28,3.49,10.66,FIRST20,4.26,50.37,Google Pay,2024-08-12 10:29:00,39,56,Delivered,4,"449 Main St, San Diego",San Diego
ORD00041,USR1653,Nina Scott,nina.scott51@email.com,+1-818-356-1423,R002,Pizza Heaven,Pizza,Caesar Salad,1,41.67,0.99,8.33,FIRST20,3.33,37.66,Cash on Delivery,2024-10-22 09:48:00,31,41,Cancelled,,"939 Elm Rd, San Diego",San Diego
ORD00042,USR3973,Samuel Wright,samuel.wright65@email.com,+1-850-933-9056,R002,Pizza Heaven,Pizza,BBQ Chicken Pizza; Garlic Bread,2,27.33,0.99,0.0,None,2.19,30.51,Google Pay,2024-06-17 15:44:00,51,55,Refunded,5,"466 Main St, New York",New York
ORD00043,USR6153,Ivan Petrov,ivan.petrov51@email.com,+1-318-891-7622,R009,Sweet Treats,Desserts,Macarons,1,34.6,0.99,3.46,SAVE10,2.77,34.9,Debit Card,2024-09-22 14:39:00,51,66,Delivered,3,"563 Oak Ave, Phoenix",Phoenix
ORD00044,USR5719,Omar Khalid,omar.khalid99@email.com,+1-696-224-1472,R010,Pasta Corner,Italian,Fettuccine Alfredo,1,26.06,0.99,1.3,LOYAL5,2.08,27.83,Apple Pay,2024-02-17 12:53:00,27,36,Delivered,4,"522 Elm Rd, Phoenix",Phoenix
ORD00045,USR7807,Patricia Moore,patricia.moore70@email.com,+1-449-567-3369,R007,Shawarma King,Middle Eastern,Fattoush Salad,1,37.22,1.99,0.0,None,2.98,42.19,Google Pay,2024-05-21 21:50:00,46,,Pending,,"841 Main St, Phoenix",Phoenix
ORD00046,USR5634,Julia Chen,julia.chen85@email.com,+1-793-775-9022,R003,Sushi World,Japanese,Teriyaki Bowl; Edamame,2,28.0,3.49,1.4,LOYAL5,2.24,32.33,Apple Pay,2024-08-21 14:55:00,32,49,Delivered,1,"877 Park Blvd, Houston",Houston
ORD00047,USR1715,Kevin Patel,kevin.patel70@email.com,+1-922-930-7246,R007,Shawarma King,Middle Eastern,Falafel Wrap; Mixed Grill; Chicken Shawarma,3,15.63,3.49,2.34,WEEKEND15,1.25,18.03,Apple Pay,2024-02-21 22:54:00,48,46,Cancelled,,"740 Oak Ave, New York",New York
ORD00048,USR7717,Ethan Brown,ethan.brown19@email.com,+1-680-900-5342,R006,Noodle House,Asian,Fried Rice; Pad Thai; Ramen Bowl,3,56.66,3.49,2.83,LOYAL5,4.53,61.85,Credit Card,2024-06-11 19:45:00,51,63,Delivered,1,"647 Elm Rd, Houston",Houston
ORD00049,USR4727,Carlos Rivera,carlos.rivera65@email.com,+1-300-878-2646,R008,The Grill,BBQ,Brisket Plate,1,59.54,0.99,8.93,WEEKEND15,4.76,56.36,Google Pay,2024-01-29 13:22:00,43,51,Delivered,4,"580 Oak Ave, San Antonio",San Antonio
ORD00050,USR3785,Fatima Hassan,fatima.hassan20@email.com,+1-824-991-7267,R010,Pasta Corner,Italian,Fettuccine Alfredo; Penne Arrabbiata; Lasagna,3,16.59,2.99,3.32,FIRST20,1.33,17.59,Cash on Delivery,2024-08-23 13:42:00,20,40,Delivered,4,"76 Park Blvd, Chicago",Chicago
ORD00051,USR6661,Samuel Wright,samuel.wright48@email.com,+1-854-534-5097,R008,The Grill,BBQ,Pulled Pork Sandwich; Corn on the Cob,2,56.71,0.99,5.67,SAVE10,4.54,56.57,Cash on Delivery,2024-07-14 18:22:00,38,55,Delivered,3,"282 Main St, San Antonio",San Antonio
ORD00052,USR1803,Tina Hall,tina.hall73@email.com,+1-493-894-4770,R010,Pasta Corner,Italian,Fettuccine Alfredo; Tiramisu,2,43.58,1.99,0.0,None,3.49,49.06,Google Pay,2024-11-17 19:02:00,39,59,Delivered,3,"750 Oak Ave, Philadelphia",Philadelphia
ORD00053,USR2476,Julia Chen,julia.chen51@email.com,+1-965-525-3877,R004,Taco Fiesta,Mexican,Guacamole,1,58.02,2.49,11.6,FIRST20,4.64,53.55,Credit Card,2024-03-25 13:58:00,50,70,Delivered,5,"987 Main St, San Diego",San Diego
ORD00054,USR3306,Hannah White,hannah.white96@email.com,+1-941-790-7511,R009,Sweet Treats,Desserts,Chocolate Lava Cake; Brownie,2,9.29,3.49,0.0,None,0.74,13.52,Credit Card,2024-08-20 14:43:00,36,49,Delivered,5,"483 Main St, Houston",Houston
ORD00055,USR6374,Tina Hall,tina.hall38@email.com,+1-863-164-8606,R005,Green Bowl,Healthy,Veggie Wrap; Acai Bowl; Protein Bowl,3,11.06,0.99,2.21,FIRST20,0.88,10.72,Apple Pay,2024-09-09 10:06:00,35,47,Delivered,5,"687 Lake Dr, Philadelphia",Philadelphia
ORD00056,USR7866,Samuel Wright,samuel.wright29@email.com,+1-624-770-2622,R008,The Grill,BBQ,Corn on the Cob; Brisket Plate; BBQ Ribs,3,47.5,1.99,0.0,None,3.8,53.29,Google Pay,2024-08-15 12:54:00,43,41,Refunded,5,"63 Park Blvd, Philadelphia",Philadelphia
ORD00057,USR5520,George Kim,george.kim25@email.com,+1-665-193-4475,R010,Pasta Corner,Italian,Spaghetti Bolognese,1,52.95,1.99,0.0,None,4.24,59.18,Debit Card,2024-10-16 12:04:00,55,56,Cancelled,,"337 Oak Ave, Houston",Houston
ORD00058,USR1046,Ivan Petrov,ivan.petrov28@email.com,+1-333-653-5106,R003,Sushi World,Japanese,Salmon Sashimi,1,15.95,2.49,1.59,SAVE10,1.28,18.13,Cash on Delivery,2024-10-28 14:01:00,31,34,Delivered,4,"539 Main St, San Antonio",San Antonio
ORD00059,USR2041,Patricia Moore,patricia.moore67@email.com,+1-996-470-9408,R010,Pasta Corner,Italian,Penne Arrabbiata,1,36.97,3.49,0.0,None,2.96,43.42,Apple Pay,2024-12-03 17:19:00,49,64,Delivered,3,"437 Main St, San Antonio",San Antonio
ORD00060,USR9032,Omar Khalid,omar.khalid19@email.com,+1-282-429-3430,R002,Pizza Heaven,Pizza,BBQ Chicken Pizza,1,43.77,3.49,6.57,WEEKEND15,3.5,44.19,Google Pay,2024-07-14 18:33:00,38,47,Cancelled,,"102 Main St, San Antonio",San Antonio
ORD00061,USR4522,Nina Scott,nina.scott67@email.com,+1-433-523-6553,R008,The Grill,BBQ,Corn on the Cob; BBQ Ribs,2,26.16,2.49,5.23,FIRST20,2.09,25.51,Credit Card,2024-07-10 11:43:00,50,47,Delivered,3,"99 Elm Rd, San Antonio",San Antonio
ORD00062,USR3131,Rachel Turner,rachel.turner17@email.com,+1-800-675-6400,R002,Pizza Heaven,Pizza,BBQ Chicken Pizza; Garlic Bread,2,57.55,0.99,11.51,FIRST20,4.6,51.63,Debit Card,2024-11-03 13:22:00,26,39,Cancelled,,"673 Park Blvd, Chicago",Chicago
ORD00063,USR4674,Diana Lee,diana.lee54@email.com,+1-769-476-2882,R005,Green Bowl,Healthy,Quinoa Salad; Veggie Wrap; Smoothie,3,63.56,3.49,0.0,None,5.08,72.13,Cash on Delivery,2024-11-07 19:53:00,37,32,Delivered,4,"944 Elm Rd, Phoenix",Phoenix
ORD00064,USR6751,Alice Johnson,alice.johnson33@email.com,+1-346-679-7566,R002,Pizza Heaven,Pizza,Margherita Pizza,1,13.68,3.49,1.37,SAVE10,1.09,16.89,Cash on Delivery,2024-07-11 15:29:00,41,41,Delivered,4,"796 Lake Dr, Philadelphia",Philadelphia
ORD00065,USR2391,Bob Smith,bob.smith29@email.com,+1-361-872-1815,R002,Pizza Heaven,Pizza,Garlic Bread; Caesar Salad,2,35.94,2.99,1.8,LOYAL5,2.88,40.01,Credit Card,2024-05-19 12:48:00,52,50,Delivered,5,"695 Lake Dr, Phoenix",Phoenix
ORD00066,USR8972,Quinn Evans,quinn.evans95@email.com,+1-515-146-4612,R007,Shawarma King,Middle Eastern,Chicken Shawarma; Fattoush Salad; Mixed Grill,3,25.53,1.99,0.0,None,2.04,29.56,Debit Card,2024-05-10 13:20:00,27,22,Delivered,5,"390 Lake Dr, Chicago",Chicago
ORD00067,USR4770,Quinn Evans,quinn.evans81@email.com,+1-884-925-6802,R002,Pizza Heaven,Pizza,Margherita Pizza; Garlic Bread,2,9.56,0.99,1.43,WEEKEND15,0.76,9.88,PayPal,2024-10-21 15:36:00,45,62,Refunded,5,"415 Main St, Los Angeles",Los Angeles
ORD00068,USR6321,Fatima Hassan,fatima.hassan89@email.com,+1-671-951-6928,R002,Pizza Heaven,Pizza,Margherita Pizza; Pepperoni Pizza,2,33.12,2.99,0.0,None,2.65,38.76,Credit Card,2024-07-21 22:19:00,41,43,Delivered,4,"544 Lake Dr, Los Angeles",Los Angeles
ORD00069,USR4176,Laura Gomez,laura.gomez54@email.com,+1-944-938-3419,R004,Taco Fiesta,Mexican,Chicken Burrito,1,22.96,1.99,0.0,None,1.84,26.79,Google Pay,2024-12-01 10:11:00,51,,Pending,,"698 Lake Dr, San Diego",San Diego
ORD00070,USR6295,Kevin Patel,kevin.patel29@email.com,+1-650-169-8682,R008,The Grill,BBQ,Brisket Plate; Coleslaw; Corn on the Cob,3,11.67,3.49,0.0,None,0.93,16.09,Credit Card,2024-06-07 16:28:00,22,18,Delivered,4,"630 Lake Dr, Los Angeles",Los Angeles
ORD00071,USR9307,Michael Davis,michael.davis69@email.com,+1-794-667-1672,R008,The Grill,BBQ,Pulled Pork Sandwich; Brisket Plate; Corn on the Cob,3,35.37,1.99,0.0,None,2.83,40.19,Cash on Delivery,2024-08-18 10:51:00,41,58,Delivered,2,"41 Oak Ave, Chicago",Chicago
ORD00072,USR8172,Omar Khalid,omar.khalid77@email.com,+1-735-724-3600,R006,Noodle House,Asian,Dumplings; Fried Rice,2,31.6,2.49,0.0,None,2.53,36.62,Cash on Delivery,2024-11-19 19:21:00,24,29,Delivered,2,"291 Elm Rd, San Antonio",San Antonio
ORD00073,USR3463,Kevin Patel,kevin.patel20@email.com,+1-796-779-3317,R006,Noodle House,Asian,Fried Rice; Ramen Bowl,2,42.12,0.99,8.42,FIRST20,3.37,38.06,Credit Card,2024-10-13 15:41:00,41,40,Refunded,2,"521 Elm Rd, San Antonio",San Antonio
ORD00074,USR1298,Laura Gomez,laura.gomez49@email.com,+1-384-319-6598,R008,The Grill,BBQ,Pulled Pork Sandwich,1,65.0,1.99,0.0,None,5.2,72.19,Google Pay,2024-05-31 22:50:00,26,,Pending,,"678 Elm Rd, New York",New York
ORD00075,USR3147,Tina Hall,tina.hall58@email.com,+1-357-266-3962,R010,Pasta Corner,Italian,Penne Arrabbiata,1,10.97,2.49,1.1,SAVE10,0.88,13.24,Debit Card,2024-08-15 18:18:00,48,50,Cancelled,,"989 Park Blvd, Phoenix",Phoenix
ORD00076,USR4178,Laura Gomez,laura.gomez96@email.com,+1-784-551-8564,R005,Green Bowl,Healthy,Protein Bowl; Veggie Wrap,2,63.09,1.99,0.0,None,5.05,70.13,Credit Card,2024-05-08 09:41:00,50,56,Cancelled,,"292 Main St, Los Angeles",Los Angeles
ORD00077,USR3626,Ivan Petrov,ivan.petrov67@email.com,+1-725-250-8167,R002,Pizza Heaven,Pizza,Garlic Bread,1,58.48,0.99,2.92,LOYAL5,4.68,61.23,PayPal,2024-01-28 15:32:00,43,45,Delivered,3,"29 Elm Rd, Houston",Houston
ORD00078,USR2623,Kevin Patel,kevin.patel28@email.com,+1-340-139-5700,R008,The Grill,BBQ,Pulled Pork Sandwich; Corn on the Cob; Coleslaw,3,43.27,0.99,0.0,None,3.46,47.72,Google Pay,2024-05-11 12:53:00,29,41,Refunded,1,"114 Elm Rd, San Antonio",San Antonio
ORD00079,USR4893,Julia Chen,julia.chen25@email.com,+1-248-344-7878,R010,Pasta Corner,Italian,Spaghetti Bolognese; Tiramisu,2,55.77,2.99,0.0,None,4.46,63.22,Apple Pay,2024-11-19 17:36:00,35,52,Delivered,4,"630 Elm Rd, New York",New York
ORD00080,USR4941,Samuel Wright,samuel.wright63@email.com,+1-391-780-2402,R009,Sweet Treats,Desserts,Chocolate Lava Cake; Macarons,2,30.56,2.99,0.0,None,2.44,35.99,Credit Card,2024-11-21 15:23:00,36,54,Delivered,5,"247 Main St, Philadelphia",Philadelphia
ORD00081,USR6447,Ethan Brown,ethan.brown15@email.com,+1-560-659-6546,R003,Sushi World,Japanese,Edamame; Teriyaki Bowl; Miso Soup,3,18.8,1.99,0.0,None,1.5,22.29,Debit Card,2024-08-22 09:18:00,32,,Pending,,"324 Elm Rd, New York",New York
ORD00082,USR9444,Michael Davis,michael.davis79@email.com,+1-684-359-1599,R004,Taco Fiesta,Mexican,Nachos; Beef Tacos,2,57.42,2.49,11.48,FIRST20,4.59,53.02,Apple Pay,2024-03-04 21:23:00,47,54,Refunded,5,"998 Oak Ave, Philadelphia",Philadelphia
ORD00083,USR9129,Patricia Moore,patricia.moore57@email.com,+1-731-373-2353,R007,Shawarma King,Middle Eastern,Mixed Grill,1,42.54,1.99,8.51,FIRST20,3.4,39.42,Apple Pay,2024-06-13 10:05:00,40,56,Delivered,4,"171 Park Blvd, San Antonio",San Antonio
ORD00084,USR6759,Omar Khalid,omar.khalid15@email.com,+1-944-990-6776,R010,Pasta Corner,Italian,Lasagna; Spaghetti Bolognese,2,12.74,2.99,1.91,WEEKEND15,1.02,14.84,Cash on Delivery,2024-09-19 21:47:00,30,25,Delivered,1,"36 Oak Ave, San Diego",San Diego
ORD00085,USR2101,Hannah White,hannah.white92@email.com,+1-575-470-7272,R010,Pasta Corner,Italian,Tiramisu,1,17.17,2.99,2.58,WEEKEND15,1.37,18.95,PayPal,2024-07-09 16:48:00,24,37,Delivered,2,"322 Elm Rd, San Antonio",San Antonio
ORD00086,USR5089,Diana Lee,diana.lee13@email.com,+1-953-290-9176,R009,Sweet Treats,Desserts,Macarons; Chocolate Lava Cake,2,23.29,2.49,0.0,None,1.86,27.64,Credit Card,2024-04-19 18:18:00,51,52,Delivered,4,"177 Park Blvd, San Diego",San Diego
ORD00087,USR2438,Kevin Patel,kevin.patel95@email.com,+1-555-826-2063,R009,Sweet Treats,Desserts,Ice Cream Sundae; Macarons; Chocolate Lava Cake,3,48.72,1.99,7.31,WEEKEND15,3.9,47.3,Apple Pay,2024-09-17 12:07:00,32,52,Delivered,4,"370 Lake Dr, New York",New York
ORD00088,USR7044,Omar Khalid,omar.khalid80@email.com,+1-332-726-2412,R002,Pizza Heaven,Pizza,Garlic Bread; Caesar Salad,2,38.2,2.99,0.0,None,3.06,44.25,PayPal,2024-03-05 14:41:00,24,33,Delivered,2,"900 Lake Dr, Chicago",Chicago
ORD00089,USR3981,Ethan Brown,ethan.brown65@email.com,+1-714-989-1907,R002,Pizza Heaven,Pizza,Pepperoni Pizza; BBQ Chicken Pizza; Margherita Pizza,3,17.65,1.99,2.65,WEEKEND15,1.41,18.4,PayPal,2024-09-22 13:54:00,25,28,Delivered,2,"641 Elm Rd, Chicago",Chicago
ORD00090,USR9740,Carlos Rivera,carlos.rivera74@email.com,+1-856-272-3526,R003,Sushi World,Japanese,Teriyaki Bowl; Miso Soup; Edamame,3,10.83,0.99,0.0,None,0.87,12.69,Apple Pay,2024-01-24 19:49:00,36,51,Delivered,1,"510 Lake Dr, New York",New York
ORD00091,USR5745,Julia Chen,julia.chen71@email.com,+1-450-924-7653,R005,Green Bowl,Healthy,Acai Bowl; Protein Bowl,2,17.43,2.99,0.0,None,1.39,21.81,Cash on Delivery,2024-08-25 12:21:00,29,,Pending,,"752 Elm Rd, Philadelphia",Philadelphia
ORD00092,USR7532,Ethan Brown,ethan.brown57@email.com,+1-727-675-2739,R006,Noodle House,Asian,Fried Rice,1,15.42,2.99,1.54,SAVE10,1.23,18.1,Google Pay,2024-03-13 10:03:00,38,,Pending,,"255 Oak Ave, San Antonio",San Antonio
ORD00093,USR6364,Samuel Wright,samuel.wright50@email.com,+1-394-881-3610,R008,The Grill,BBQ,Corn on the Cob; Coleslaw; Pulled Pork Sandwich,3,36.6,0.99,1.83,LOYAL5,2.93,38.69,Credit Card,2024-09-15 16:15:00,33,46,Delivered,3,"507 Lake Dr, Phoenix",Phoenix
ORD00094,USR8710,Julia Chen,julia.chen78@email.com,+1-208-967-2761,R007,Shawarma King,Middle Eastern,Hummus Plate,1,49.6,2.99,7.44,WEEKEND15,3.97,49.12,PayPal,2024-01-24 15:03:00,55,56,Delivered,2,"396 Lake Dr, Los Angeles",Los Angeles
ORD00095,USR8378,Rachel Turner,rachel.turner45@email.com,+1-838-796-2946,R003,Sushi World,Japanese,Edamame,1,29.59,2.49,4.44,WEEKEND15,2.37,30.01,Credit Card,2024-03-14 12:38:00,52,59,Cancelled,,"40 Oak Ave, New York",New York
ORD00096,USR6456,Patricia Moore,patricia.moore76@email.com,+1-667-252-9446,R003,Sushi World,Japanese,Teriyaki Bowl; Miso Soup,2,17.68,3.49,3.54,FIRST20,1.41,19.04,PayPal,2024-10-30 14:32:00,52,64,Delivered,1,"836 Main St, San Diego",San Diego
ORD00097,USR7035,Kevin Patel,kevin.patel96@email.com,+1-312-526-6040,R001,Burger Palace,Fast Food,Fries; Chicken Sandwich; Onion Rings,3,52.73,3.49,5.27,SAVE10,4.22,55.17,Apple Pay,2024-01-27 18:30:00,30,41,Refunded,1,"842 Oak Ave, Chicago",Chicago
ORD00098,USR1517,Samuel Wright,samuel.wright99@email.com,+1-312-295-1310,R008,The Grill,BBQ,Corn on the Cob; Pulled Pork Sandwich,2,31.83,1.99,1.59,LOYAL5,2.55,34.78,Cash on Delivery,2024-09-13 21:39:00,50,68,Refunded,3,"532 Oak Ave, Chicago",Chicago
ORD00099,USR6325,Patricia Moore,patricia.moore77@email.com,+1-585-421-3837,R008,The Grill,BBQ,Brisket Plate; Coleslaw; Corn on the Cob,3,52.12,2.49,0.0,None,4.17,58.78,PayPal,2024-04-08 12:17:00,55,59,Delivered,4,"707 Park Blvd, Houston",Houston
ORD00100,USR6194,Patricia Moore,patricia.moore54@email.com,+1-773-914-5480,R005,Green Bowl,Healthy,Protein Bowl,1,46.73,2.99,2.34,LOYAL5,3.74,51.12,Cash on Delivery,2024-06-25 21:51:00,29,33,Delivered,4,"355 Park Blvd, Los Angeles",Los Angeles
ORD00101,USR5201,Patricia Moore,patricia.moore37@email.com,+1-406-947-9824,R005,Green Bowl,Healthy,Smoothie; Quinoa Salad; Acai Bowl,3,43.29,3.49,4.33,SAVE10,3.46,45.91,Credit Card,2024-05-04 09:42:00,53,55,Refunded,4,"424 Elm Rd, Los Angeles",Los Angeles
ORD00102,USR8739,Diana Lee,diana.lee97@email.com,+1-989-240-1084,R009,Sweet Treats,Desserts,Brownie,1,45.39,2.99,0.0,None,3.63,52.01,Credit Card,2024-11-29 12:48:00,38,43,Delivered,3,"548 Main St, Houston",Houston
ORD00103,USR3868,Nina Scott,nina.scott32@email.com,+1-237-956-7504,R008,The Grill,BBQ,Brisket Plate,1,58.04,0.99,11.61,FIRST20,4.64,52.06,Google Pay,2024-10-17 18:06:00,41,45,Delivered,2,"911 Oak Ave, San Diego",San Diego
ORD00104,USR9261,Omar Khalid,omar.khalid44@email.com,+1-397-928-2845,R006,Noodle House,Asian,Fried Rice,1,45.13,1.99,0.0,None,3.61,50.73,Cash on Delivery,2024-06-21 21:18:00,32,32,Cancelled,,"847 Park Blvd, San Antonio",San Antonio
ORD00105,USR9442,Kevin Patel,kevin.patel21@email.com,+1-610-785-2562,R003,Sushi World,Japanese,Edamame,1,26.78,1.99,0.0,None,2.14,30.91,PayPal,2024-05-13 15:15:00,48,67,Delivered,5,"268 Elm Rd, New York",New York
ORD00106,USR4871,Bob Smith,bob.smith95@email.com,+1-321-576-6026,R003,Sushi World,Japanese,Teriyaki Bowl; Miso Soup,2,47.5,2.49,7.12,WEEKEND15,3.8,46.67,Cash on Delivery,2024-11-10 12:14:00,28,38,Delivered,5,"426 Lake Dr, Philadelphia",Philadelphia
ORD00107,USR8714,Rachel Turner,rachel.turner95@email.com,+1-423-880-5054,R010,Pasta Corner,Italian,Tiramisu,1,33.74,2.49,0.0,None,2.7,38.93,Google Pay,2024-10-15 10:03:00,55,66,Delivered,1,"169 Elm Rd, Chicago",Chicago
ORD00108,USR9525,Omar Khalid,omar.khalid24@email.com,+1-896-310-9008,R002,Pizza Heaven,Pizza,Garlic Bread; Margherita Pizza; Pepperoni Pizza,3,15.95,2.99,0.0,None,1.28,20.22,PayPal,2024-10-15 09:35:00,49,,Pending,,"406 Elm Rd, New York",New York
ORD00109,USR1049,George Kim,george.kim84@email.com,+1-274-146-7941,R006,Noodle House,Asian,Pad Thai; Spring Rolls; Fried Rice,3,64.22,2.99,0.0,None,5.14,72.35,PayPal,2024-05-26 15:11:00,28,47,Refunded,5,"460 Park Blvd, San Antonio",San Antonio
ORD00110,USR7154,Carlos Rivera,carlos.rivera97@email.com,+1-877-995-9835,R003,Sushi World,Japanese,Miso Soup; Salmon Sashimi; Edamame,3,64.6,2.99,0.0,None,5.17,72.76,Apple Pay,2024-04-24 22:00:00,21,25,Delivered,2,"844 Oak Ave, San Antonio",San Antonio
ORD00111,USR5055,Omar Khalid,omar.khalid54@email.com,+1-358-382-4088,R002,Pizza Heaven,Pizza,Garlic Bread,1,43.24,0.99,4.32,SAVE10,3.46,43.37,Cash on Delivery,2024-04-15 10:06:00,22,31,Cancelled,,"251 Main St, New York",New York
ORD00112,USR7590,Omar Khalid,omar.khalid39@email.com,+1-752-322-1924,R003,Sushi World,Japanese,Miso Soup; Dragon Roll; Teriyaki Bowl,3,41.05,3.49,6.16,WEEKEND15,3.28,41.66,Debit Card,2024-05-01 13:56:00,29,45,Cancelled,,"308 Elm Rd, San Antonio",San Antonio
ORD00113,USR1998,Rachel Turner,rachel.turner85@email.com,+1-952-279-7999,R009,Sweet Treats,Desserts,Chocolate Lava Cake; Ice Cream Sundae,2,61.7,2.99,9.26,WEEKEND15,4.94,60.37,Google Pay,2024-12-22 15:26:00,29,33,Delivered,4,"247 Oak Ave, San Diego",San Diego
ORD00114,USR5927,Ethan Brown,ethan.brown69@email.com,+1-259-675-7761,R007,Shawarma King,Middle Eastern,Fattoush Salad; Falafel Wrap; Mixed Grill,3,22.22,1.99,3.33,WEEKEND15,1.78,22.66,Cash on Delivery,2024-11-27 10:59:00,48,54,Delivered,2,"53 Elm Rd, Houston",Houston
ORD00115,USR7179,Tina Hall,tina.hall87@email.com,+1-240-994-2192,R004,Taco Fiesta,Mexican,Guacamole; Chicken Burrito; Quesadilla,3,20.3,2.49,4.06,FIRST20,1.62,20.35,Debit Card,2024-01-08 12:59:00,32,50,Delivered,5,"407 Oak Ave, Houston",Houston
ORD00116,USR6269,Julia Chen,julia.chen58@email.com,+1-677-646-6886,R005,Green Bowl,Healthy,Smoothie; Veggie Wrap,2,34.83,2.99,5.22,WEEKEND15,2.79,35.39,Debit Card,2024-04-14 14:20:00,46,42,Cancelled,,"17 Elm Rd, Chicago",Chicago
ORD00117,USR7841,Julia Chen,julia.chen29@email.com,+1-400-437-4768,R007,Shawarma King,Middle Eastern,Falafel Wrap; Mixed Grill; Hummus Plate,3,45.49,2.49,9.1,FIRST20,3.64,42.52,Debit Card,2024-09-07 20:41:00,51,60,Delivered,5,"738 Lake Dr, Chicago",Chicago
ORD00118,USR9000,Fatima Hassan,fatima.hassan79@email.com,+1-857-160-9584,R001,Burger Palace,Fast Food,Classic Burger,1,51.69,2.99,0.0,None,4.14,58.82,Apple Pay,2024-11-18 12:04:00,29,24,Delivered,2,"62 Lake Dr, Philadelphia",Philadelphia
ORD00119,USR8916,Patricia Moore,patricia.moore12@email.com,+1-206-644-7739,R001,Burger Palace,Fast Food,Onion Rings,1,49.3,3.49,9.86,FIRST20,3.94,46.87,Credit Card,2024-01-09 17:52:00,47,67,Delivered,3,"247 Oak Ave, Chicago",Chicago
ORD00120,USR9625,Ivan Petrov,ivan.petrov55@email.com,+1-473-914-7502,R002,Pizza Heaven,Pizza,Garlic Bread; Caesar Salad,2,40.42,1.99,8.08,FIRST20,3.23,37.56,Cash on Delivery,2024-12-16 22:54:00,25,,Pending,,"96 Park Blvd, New York",New York
ORD00121,USR7213,Michael Davis,michael.davis80@email.com,+1-687-157-1154,R003,Sushi World,Japanese,Edamame,1,56.26,2.49,0.0,None,4.5,63.25,Apple Pay,2024-09-27 09:14:00,33,50,Cancelled,,"48 Main St, Phoenix",Phoenix
ORD00122,USR5593,Rachel Turner,rachel.turner82@email.com,+1-873-133-3938,R006,Noodle House,Asian,Ramen Bowl,1,41.67,2.99,0.0,None,3.33,47.99,Apple Pay,2024-06-02 11:36:00,35,,Pending,,"394 Oak Ave, Philadelphia",Philadelphia
ORD00123,USR2284,Quinn Evans,quinn.evans54@email.com,+1-254-200-8161,R004,Taco Fiesta,Mexican,Nachos,1,42.69,3.49,2.13,LOYAL5,3.42,47.47,Debit Card,2024-06-16 09:40:00,37,57,Delivered,5,"567 Park Blvd, Philadelphia",Philadelphia
ORD00124,USR8075,Fatima Hassan,fatima.hassan97@email.com,+1-799-776-7227,R002,Pizza Heaven,Pizza,BBQ Chicken Pizza; Pepperoni Pizza; Caesar Salad,3,12.65,2.49,0.0,None,1.01,16.15,PayPal,2024-07-13 20:50:00,29,47,Delivered,5,"94 Main St, Los Angeles",Los Angeles
ORD00125,USR6050,Omar Khalid,omar.khalid56@email.com,+1-979-376-2674,R003,Sushi World,Japanese,Dragon Roll,1,32.85,3.49,1.64,LOYAL5,2.63,37.33,Google Pay,2024-02-22 09:05:00,42,54,Delivered,1,"885 Park Blvd, Philadelphia",Philadelphia
ORD00126,USR1202,Julia Chen,julia.chen62@email.com,+1-597-897-2387,R009,Sweet Treats,Desserts,Macarons,1,37.94,2.99,0.0,None,3.04,43.97,Debit Card,2024-03-12 13:19:00,37,47,Delivered,3,"283 Park Blvd, San Antonio",San Antonio
ORD00127,USR5911,Patricia Moore,patricia.moore19@email.com,+1-569-357-5040,R008,The Grill,BBQ,Coleslaw; Pulled Pork Sandwich; Corn on the Cob,3,14.54,2.49,0.0,None,1.16,18.19,PayPal,2024-07-21 14:53:00,44,,Pending,,"343 Park Blvd, San Diego",San Diego
ORD00128,USR3230,Julia Chen,julia.chen51@email.com,+1-817-811-4290,R008,The Grill,BBQ,Pulled Pork Sandwich; Corn on the Cob,2,63.23,2.49,0.0,None,5.06,70.78,PayPal,2024-10-21 21:15:00,40,47,Delivered,5,"955 Lake Dr, Los Angeles",Los Angeles
ORD00129,USR4273,Samuel Wright,samuel.wright79@email.com,+1-384-798-1440,R008,The Grill,BBQ,Pulled Pork Sandwich; Corn on the Cob; Coleslaw,3,55.47,0.99,2.77,LOYAL5,4.44,58.13,Cash on Delivery,2024-12-10 16:08:00,39,41,Delivered,4,"809 Park Blvd, San Antonio",San Antonio
ORD00130,USR2211,Omar Khalid,omar.khalid86@email.com,+1-690-696-7566,R009,Sweet Treats,Desserts,Brownie; Chocolate Lava Cake; Cheesecake Slice,3,48.14,3.49,0.0,None,3.85,55.48,Credit Card,2024-02-25 21:15:00,42,42,Refunded,1,"991 Elm Rd, San Antonio",San Antonio
ORD00131,USR8052,Diana Lee,diana.lee11@email.com,+1-300-364-4637,R009,Sweet Treats,Desserts,Macarons; Cheesecake Slice; Brownie,3,29.64,2.99,0.0,None,2.37,35.0,Credit Card,2024-06-25 09:30:00,26,30,Delivered,3,"357 Elm Rd, Chicago",Chicago
ORD00132,USR6620,Omar Khalid,omar.khalid36@email.com,+1-733-594-6706,R008,The Grill,BBQ,Corn on the Cob,1,49.29,2.99,7.39,WEEKEND15,3.94,48.83,PayPal,2024-02-04 13:02:00,27,,Pending,,"694 Oak Ave, Los Angeles",Los Angeles
ORD00133,USR4996,Quinn Evans,quinn.evans32@email.com,+1-765-263-6422,R009,Sweet Treats,Desserts,Brownie; Cheesecake Slice,2,53.57,1.99,0.0,None,4.29,59.85,Debit Card,2024-11-23 19:27:00,45,40,Refunded,1,"607 Park Blvd, San Diego",San Diego
ORD00134,USR7370,Alice Johnson,alice.johnson37@email.com,+1-410-385-2025,R010,Pasta Corner,Italian,Tiramisu,1,19.06,2.49,1.91,SAVE10,1.52,21.16,Google Pay,2024-08-22 10:16:00,51,62,Refunded,5,"626 Park Blvd, San Antonio",San Antonio
ORD00135,USR2871,Laura Gomez,laura.gomez55@email.com,+1-668-732-3826,R005,Green Bowl,Healthy,Protein Bowl; Acai Bowl; Smoothie,3,16.07,0.99,1.61,SAVE10,1.29,16.74,Apple Pay,2024-06-05 10:11:00,43,60,Delivered,2,"611 Oak Ave, San Antonio",San Antonio
ORD00136,USR7286,Nina Scott,nina.scott33@email.com,+1-698-750-9804,R003,Sushi World,Japanese,Dragon Roll; Edamame; Teriyaki Bowl,3,16.43,2.49,0.0,None,1.31,20.23,Debit Card,2024-11-13 09:55:00,42,37,Delivered,4,"987 Lake Dr, San Antonio",San Antonio
ORD00137,USR9281,Patricia Moore,patricia.moore62@email.com,+1-901-603-7809,R008,The Grill,BBQ,Pulled Pork Sandwich; BBQ Ribs,2,40.44,1.99,8.09,FIRST20,3.24,37.58,Google Pay,2024-01-17 13:14:00,54,58,Delivered,5,"563 Lake Dr, San Diego",San Diego
ORD00138,USR2854,Samuel Wright,samuel.wright24@email.com,+1-474-893-9898,R006,Noodle House,Asian,Pad Thai; Fried Rice; Dumplings,3,20.85,2.99,0.0,None,1.67,25.51,PayPal,2024-11-30 21:15:00,39,35,Delivered,4,"450 Main St, Los Angeles",Los Angeles
ORD00139,USR4882,George Kim,george.kim85@email.com,+1-905-459-8015,R003,Sushi World,Japanese,Dragon Roll; Teriyaki Bowl; Salmon Sashimi,3,54.01,3.49,8.1,WEEKEND15,4.32,53.72,PayPal,2024-09-29 13:38:00,54,54,Delivered,4,"976 Lake Dr, Phoenix",Phoenix
ORD00140,USR2560,Ethan Brown,ethan.brown62@email.com,+1-260-383-3078,R003,Sushi World,Japanese,Dragon Roll,1,48.69,1.99,2.43,LOYAL5,3.9,52.15,Apple Pay,2024-09-07 11:36:00,37,52,Delivered,5,"649 Main St, Los Angeles",Los Angeles
ORD00141,USR7600,Quinn Evans,quinn.evans45@email.com,+1-911-998-7046,R008,The Grill,BBQ,Brisket Plate; BBQ Ribs,2,57.59,0.99,0.0,None,4.61,63.19,Google Pay,2024-11-21 19:44:00,42,,Pending,,"224 Park Blvd, San Antonio",San Antonio
ORD00142,USR4470,Patricia Moore,patricia.moore44@email.com,+1-530-948-5646,R006,Noodle House,Asian,Spring Rolls; Ramen Bowl; Dumplings,3,56.66,2.49,0.0,None,4.53,63.68,Apple Pay,2024-01-24 10:40:00,49,44,Delivered,4,"1 Park Blvd, San Diego",San Diego
ORD00143,USR4314,Ethan Brown,ethan.brown93@email.com,+1-509-262-5489,R002,Pizza Heaven,Pizza,BBQ Chicken Pizza; Caesar Salad; Margherita Pizza,3,29.51,1.99,0.0,None,2.36,33.86,Cash on Delivery,2024-07-21 19:19:00,34,42,Refunded,3,"2 Oak Ave, Los Angeles",Los Angeles
ORD00144,USR8812,Carlos Rivera,carlos.rivera26@email.com,+1-807-331-9510,R008,The Grill,BBQ,BBQ Ribs,1,47.8,0.99,2.39,LOYAL5,3.82,50.22,Cash on Delivery,2024-12-21 11:30:00,24,26,Delivered,3,"106 Elm Rd, Los Angeles",Los Angeles
ORD00145,USR7022,Julia Chen,julia.chen27@email.com,+1-591-892-3181,R003,Sushi World,Japanese,Teriyaki Bowl,1,40.33,3.49,0.0,None,3.23,47.05,Apple Pay,2024-08-13 14:46:00,33,48,Refunded,4,"881 Oak Ave, San Diego",San Diego
ORD00146,USR2420,Diana Lee,diana.lee27@email.com,+1-970-226-7291,R006,Noodle House,Asian,Dumplings; Ramen Bowl,2,22.5,0.99,2.25,SAVE10,1.8,23.04,Cash on Delivery,2024-10-10 18:38:00,38,57,Refunded,3,"211 Lake Dr, Phoenix",Phoenix
ORD00147,USR9348,George Kim,george.kim60@email.com,+1-502-761-1894,R004,Taco Fiesta,Mexican,Quesadilla; Beef Tacos,2,22.12,3.49,0.0,None,1.77,27.38,Apple Pay,2024-09-27 09:23:00,40,39,Delivered,1,"560 Oak Ave, Philadelphia",Philadelphia
ORD00148,USR8717,Carlos Rivera,carlos.rivera12@email.com,+1-801-169-1225,R005,Green Bowl,Healthy,Acai Bowl,1,60.63,2.99,12.13,FIRST20,4.85,56.34,Credit Card,2024-11-17 20:32:00,46,54,Refunded,5,"285 Main St, Chicago",Chicago
ORD00149,USR6077,Carlos Rivera,carlos.rivera75@email.com,+1-408-927-3545,R009,Sweet Treats,Desserts,Brownie; Chocolate Lava Cake,2,26.02,2.99,2.6,SAVE10,2.08,28.49,Google Pay,2024-01-30 12:05:00,47,45,Delivered,1,"317 Oak Ave, New York",New York
ORD00150,USR2956,Alice Johnson,alice.johnson27@email.com,+1-918-111-3684,R008,The Grill,BBQ,Coleslaw; Brisket Plate,2,17.93,1.99,3.59,FIRST20,1.43,17.76,Apple Pay,2024-03-01 21:57:00,21,,Pending,,"537 Main St, Phoenix",Phoenix
ORD00151,USR5308,Samuel Wright,samuel.wright90@email.com,+1-278-608-8457,R009,Sweet Treats,Desserts,Chocolate Lava Cake; Brownie,2,57.05,1.99,8.56,WEEKEND15,4.56,55.04,Debit Card,2024-03-21 13:49:00,26,39,Refunded,3,"46 Main St, New York",New York
ORD00152,USR5006,Bob Smith,bob.smith70@email.com,+1-572-492-3458,R003,Sushi World,Japanese,Teriyaki Bowl,1,53.88,2.99,5.39,SAVE10,4.31,55.79,Credit Card,2024-06-13 12:26:00,40,,Pending,,"123 Lake Dr, Philadelphia",Philadelphia
ORD00153,USR1862,Fatima Hassan,fatima.hassan38@email.com,+1-728-147-7568,R002,Pizza Heaven,Pizza,BBQ Chicken Pizza; Caesar Salad,2,26.99,3.49,0.0,None,2.16,32.64,PayPal,2024-01-05 14:12:00,38,,Pending,,"476 Elm Rd, Houston",Houston
ORD00154,USR9083,George Kim,george.kim79@email.com,+1-978-915-5016,R003,Sushi World,Japanese,Edamame,1,9.85,3.49,1.48,WEEKEND15,0.79,12.65,Cash on Delivery,2024-11-21 22:44:00,20,25,Delivered,5,"107 Oak Ave, Phoenix",Phoenix
ORD00155,USR9680,Hannah White,hannah.white63@email.com,+1-703-161-3332,R005,Green Bowl,Healthy,Acai Bowl,1,60.55,3.49,3.03,LOYAL5,4.84,65.85,Debit Card,2024-12-24 14:29:00,25,38,Delivered,2,"77 Lake Dr, San Antonio",San Antonio
ORD00156,USR2020,Nina Scott,nina.scott94@email.com,+1-333-342-5778,R005,Green Bowl,Healthy,Veggie Wrap; Smoothie,2,26.47,2.49,2.65,SAVE10,2.12,28.43,Apple Pay,2024-02-08 12:08:00,26,25,Delivered,4,"322 Park Blvd, San Diego",San Diego
ORD00157,USR2978,Rachel Turner,rachel.turner55@email.com,+1-988-312-8404,R005,Green Bowl,Healthy,Smoothie; Acai Bowl,2,13.61,2.49,0.0,None,1.09,17.19,PayPal,2024-04-20 22:54:00,40,39,Delivered,4,"526 Main St, San Antonio",San Antonio
ORD00158,USR5896,Ivan Petrov,ivan.petrov32@email.com,+1-231-514-8408,R009,Sweet Treats,Desserts,Macarons; Cheesecake Slice; Chocolate Lava Cake,3,34.61,1.99,0.0,None,2.77,39.37,PayPal,2024-01-07 09:53:00,34,33,Delivered,5,"597 Lake Dr, Los Angeles",Los Angeles
ORD00159,USR5240,Carlos Rivera,carlos.rivera12@email.com,+1-266-302-8265,R003,Sushi World,Japanese,Miso Soup,1,15.42,2.99,0.0,None,1.23,19.64,Cash on Delivery,2024-03-27 18:27:00,45,55,Delivered,5,"177 Elm Rd, San Antonio",San Antonio
ORD00160,USR4517,Fatima Hassan,fatima.hassan45@email.com,+1-486-556-3435,R001,Burger Palace,Fast Food,Onion Rings; Double Cheeseburger; Chicken Sandwich,3,25.17,2.99,0.0,None,2.01,30.17,Cash on Delivery,2024-02-01 10:17:00,44,43,Delivered,4,"646 Lake Dr, Houston",Houston
ORD00161,USR1319,Michael Davis,michael.davis55@email.com,+1-691-657-8940,R006,Noodle House,Asian,Spring Rolls; Dumplings; Ramen Bowl,3,23.78,0.99,3.57,WEEKEND15,1.9,23.1,Apple Pay,2024-11-01 12:01:00,37,,Pending,,"786 Lake Dr, Philadelphia",Philadelphia
ORD00162,USR4813,Fatima Hassan,fatima.hassan22@email.com,+1-453-772-4951,R005,Green Bowl,Healthy,Acai Bowl; Quinoa Salad; Smoothie,3,56.33,2.99,8.45,WEEKEND15,4.51,55.38,Google Pay,2024-03-29 11:15:00,40,60,Refunded,5,"721 Elm Rd, New York",New York
ORD00163,USR3328,Samuel Wright,samuel.wright34@email.com,+1-704-655-6063,R003,Sushi World,Japanese,Salmon Sashimi; Teriyaki Bowl,2,11.67,3.49,1.17,SAVE10,0.93,14.92,Debit Card,2024-01-11 17:30:00,20,25,Cancelled,,"349 Oak Ave, Chicago",Chicago
ORD00164,USR6301,Bob Smith,bob.smith12@email.com,+1-351-700-3320,R002,Pizza Heaven,Pizza,BBQ Chicken Pizza; Margherita Pizza; Pepperoni Pizza,3,48.31,2.99,0.0,None,3.86,55.16,Cash on Delivery,2024-06-21 13:20:00,28,28,Refunded,5,"665 Elm Rd, San Diego",San Diego
ORD00165,USR3854,Rachel Turner,rachel.turner98@email.com,+1-828-905-6846,R004,Taco Fiesta,Mexican,Guacamole; Chicken Burrito; Quesadilla,3,25.84,2.49,0.0,None,2.07,30.4,Credit Card,2024-03-31 20:00:00,45,64,Cancelled,,"617 Elm Rd, Chicago",Chicago
ORD00166,USR4619,Samuel Wright,samuel.wright23@email.com,+1-708-244-6425,R002,Pizza Heaven,Pizza,BBQ Chicken Pizza,1,64.0,1.99,0.0,None,5.12,71.11,Debit Card,2024-12-28 19:40:00,41,50,Delivered,4,"710 Main St, Houston",Houston
ORD00167,USR6742,Ivan Petrov,ivan.petrov23@email.com,+1-937-101-1788,R007,Shawarma King,Middle Eastern,Mixed Grill; Falafel Wrap,2,58.48,2.99,2.92,LOYAL5,4.68,63.23,Google Pay,2024-06-28 17:24:00,26,,Pending,,"167 Park Blvd, Houston",Houston
ORD00168,USR2207,Bob Smith,bob.smith47@email.com,+1-220-426-5278,R002,Pizza Heaven,Pizza,BBQ Chicken Pizza,1,18.11,2.99,0.0,None,1.45,22.55,Google Pay,2024-02-08 17:57:00,25,30,Cancelled,,"722 Main St, San Diego",San Diego
ORD00169,USR8066,Fatima Hassan,fatima.hassan87@email.com,+1-644-260-1877,R002,Pizza Heaven,Pizza,Pepperoni Pizza; Caesar Salad,2,31.62,3.49,6.32,FIRST20,2.53,31.32,Google Pay,2024-12-04 13:19:00,35,33,Delivered,5,"158 Main St, San Diego",San Diego
ORD00170,USR6911,Alice Johnson,alice.johnson64@email.com,+1-289-401-8869,R004,Taco Fiesta,Mexican,Beef Tacos,1,20.19,2.49,0.0,None,1.62,24.3,Apple Pay,2024-08-30 22:07:00,39,59,Delivered,5,"94 Lake Dr, Phoenix",Phoenix
ORD00171,USR7349,Fatima Hassan,fatima.hassan57@email.com,+1-590-478-4056,R008,The Grill,BBQ,Brisket Plate,1,33.35,2.49,3.34,SAVE10,2.67,35.17,Credit Card,2024-05-17 18:03:00,29,48,Refunded,3,"828 Lake Dr, Philadelphia",Philadelphia
ORD00172,USR7782,Samuel Wright,samuel.wright39@email.com,+1-766-162-7342,R009,Sweet Treats,Desserts,Macarons; Brownie,2,40.86,1.99,0.0,None,3.27,46.12,Google Pay,2024-06-02 10:25:00,22,33,Cancelled,,"124 Park Blvd, Chicago",Chicago
ORD00173,USR3832,Fatima Hassan,fatima.hassan37@email.com,+1-397-229-1699,R007,Shawarma King,Middle Eastern,Mixed Grill,1,19.91,1.99,3.98,FIRST20,1.59,19.51,Apple Pay,2024-06-12 20:58:00,24,21,Delivered,2,"878 Elm Rd, Philadelphia",Philadelphia
ORD00174,USR9514,Omar Khalid,omar.khalid11@email.com,+1-917-738-9561,R007,Shawarma King,Middle Eastern,Mixed Grill,1,16.95,3.49,0.0,None,1.36,21.8,PayPal,2024-02-24 18:49:00,26,46,Delivered,2,"271 Park Blvd, San Antonio",San Antonio
ORD00175,USR8955,Samuel Wright,samuel.wright87@email.com,+1-684-138-3821,R005,Green Bowl,Healthy,Quinoa Salad; Veggie Wrap,2,10.69,2.49,1.07,SAVE10,0.86,12.97,PayPal,2024-01-26 20:30:00,37,43,Delivered,5,"288 Park Blvd, Phoenix",Phoenix
ORD00176,USR2609,Hannah White,hannah.white27@email.com,+1-507-861-8259,R006,Noodle House,Asian,Fried Rice; Pad Thai,2,19.12,1.99,0.96,LOYAL5,1.53,21.68,Debit Card,2024-09-05 21:33:00,43,39,Cancelled,,"319 Lake Dr, Los Angeles",Los Angeles
ORD00177,USR7609,Ethan Brown,ethan.brown77@email.com,+1-782-129-3846,R004,Taco Fiesta,Mexican,Beef Tacos,1,22.6,2.99,0.0,None,1.81,27.4,Apple Pay,2024-07-03 20:12:00,37,,Pending,,"651 Main St, San Antonio",San Antonio
ORD00178,USR1500,Hannah White,hannah.white57@email.com,+1-700-708-8308,R003,Sushi World,Japanese,Teriyaki Bowl; Miso Soup,2,27.95,2.49,0.0,None,2.24,32.68,Google Pay,2024-05-25 09:24:00,23,,Pending,,"878 Oak Ave, Houston",Houston
ORD00179,USR4688,George Kim,george.kim44@email.com,+1-867-519-9409,R001,Burger Palace,Fast Food,Classic Burger; Fries; Onion Rings,3,45.08,3.49,0.0,None,3.61,52.18,Apple Pay,2024-04-24 13:38:00,39,56,Refunded,4,"873 Elm Rd, San Antonio",San Antonio
ORD00180,USR8520,Ivan Petrov,ivan.petrov37@email.com,+1-677-409-9530,R010,Pasta Corner,Italian,Tiramisu; Spaghetti Bolognese,2,8.92,2.49,1.78,FIRST20,0.71,10.34,Cash on Delivery,2024-06-01 19:06:00,50,47,Delivered,4,"883 Elm Rd, Philadelphia",Philadelphia
ORD00181,USR5278,Julia Chen,julia.chen34@email.com,+1-353-629-4937,R001,Burger Palace,Fast Food,Fries; Chicken Sandwich; Onion Rings,3,16.41,0.99,0.0,None,1.31,18.71,Google Pay,2024-05-31 13:58:00,46,53,Delivered,3,"352 Oak Ave, Houston",Houston
ORD00182,USR9759,Patricia Moore,patricia.moore95@email.com,+1-567-619-5918,R003,Sushi World,Japanese,Teriyaki Bowl; Dragon Roll; Edamame,3,14.01,1.99,2.8,FIRST20,1.12,14.32,Debit Card,2024-10-13 21:58:00,31,47,Delivered,3,"229 Elm Rd, Philadelphia",Philadelphia
ORD00183,USR7889,Kevin Patel,kevin.patel57@email.com,+1-466-699-5817,R008,The Grill,BBQ,Corn on the Cob,1,11.53,3.49,0.0,None,0.92,15.94,PayPal,2024-08-29 12:32:00,27,43,Delivered,2,"56 Oak Ave, San Antonio",San Antonio
ORD00184,USR3250,George Kim,george.kim53@email.com,+1-619-683-8496,R003,Sushi World,Japanese,Dragon Roll; Salmon Sashimi,2,36.05,1.99,5.41,WEEKEND15,2.88,35.51,Google Pay,2024-11-20 09:00:00,48,51,Delivered,4,"502 Main St, Chicago",Chicago
ORD00185,USR3120,Tina Hall,tina.hall65@email.com,+1-848-539-7609,R007,Shawarma King,Middle Eastern,Mixed Grill; Chicken Shawarma,2,10.63,1.99,1.59,WEEKEND15,0.85,11.88,Cash on Delivery,2024-01-08 14:48:00,53,54,Delivered,3,"232 Elm Rd, Houston",Houston
ORD00186,USR6113,Ethan Brown,ethan.brown23@email.com,+1-592-615-6015,R003,Sushi World,Japanese,Salmon Sashimi,1,25.35,2.49,0.0,None,2.03,29.87,PayPal,2024-09-23 18:33:00,41,49,Refunded,4,"368 Oak Ave, San Diego",San Diego
ORD00187,USR3701,Michael Davis,michael.davis12@email.com,+1-433-329-3149,R004,Taco Fiesta,Mexican,Beef Tacos; Chicken Burrito; Guacamole,3,29.21,0.99,1.46,LOYAL5,2.34,31.08,Credit Card,2024-11-23 13:49:00,54,68,Delivered,1,"670 Main St, Los Angeles",Los Angeles
ORD00188,USR1790,Diana Lee,diana.lee63@email.com,+1-654-489-3024,R009,Sweet Treats,Desserts,Brownie; Cheesecake Slice,2,20.11,0.99,4.02,FIRST20,1.61,18.69,Google Pay,2024-08-03 19:06:00,53,56,Cancelled,,"429 Main St, Chicago",Chicago
ORD00189,USR9381,Tina Hall,tina.hall25@email.com,+1-489-216-2741,R008,The Grill,BBQ,Coleslaw,1,19.79,2.49,1.98,SAVE10,1.58,21.88,Apple Pay,2024-07-02 20:26:00,38,38,Delivered,2,"705 Park Blvd, Houston",Houston
ORD00190,USR6416,Hannah White,hannah.white10@email.com,+1-213-787-2458,R002,Pizza Heaven,Pizza,Garlic Bread; Pepperoni Pizza; Margherita Pizza,3,52.54,0.99,0.0,None,4.2,57.73,Credit Card,2024-05-11 19:14:00,49,53,Delivered,5,"833 Oak Ave, Los Angeles",Los Angeles
ORD00191,USR1646,Julia Chen,julia.chen56@email.com,+1-893-420-7979,R002,Pizza Heaven,Pizza,Margherita Pizza,1,9.05,1.99,0.0,None,0.72,11.76,PayPal,2024-06-17 14:57:00,48,62,Delivered,3,"188 Main St, Philadelphia",Philadelphia
ORD00192,USR7566,Michael Davis,michael.davis68@email.com,+1-478-955-7319,R008,The Grill,BBQ,Pulled Pork Sandwich; BBQ Ribs,2,15.99,0.99,0.0,None,1.28,18.26,Cash on Delivery,2024-02-23 15:58:00,50,70,Cancelled,,"186 Lake Dr, San Diego",San Diego
ORD00193,USR7221,Laura Gomez,laura.gomez88@email.com,+1-229-983-3140,R008,The Grill,BBQ,BBQ Ribs; Corn on the Cob,2,33.4,0.99,6.68,FIRST20,2.67,30.38,Cash on Delivery,2024-12-01 14:00:00,53,72,Refunded,1,"979 Elm Rd, Houston",Houston
ORD00194,USR9504,Quinn Evans,quinn.evans98@email.com,+1-917-733-2560,R007,Shawarma King,Middle Eastern,Falafel Wrap; Mixed Grill; Fattoush Salad,3,46.0,2.99,0.0,None,3.68,52.67,Apple Pay,2024-10-12 18:03:00,20,35,Delivered,2,"891 Oak Ave, San Diego",San Diego
ORD00195,USR2226,Patricia Moore,patricia.moore51@email.com,+1-446-438-5557,R001,Burger Palace,Fast Food,Double Cheeseburger; Fries; Onion Rings,3,54.67,0.99,0.0,None,4.37,60.03,Apple Pay,2024-08-15 21:36:00,48,,Pending,,"324 Main St, San Diego",San Diego
ORD00196,USR9148,Alice Johnson,alice.johnson23@email.com,+1-613-522-1587,R009,Sweet Treats,Desserts,Chocolate Lava Cake; Macarons; Ice Cream Sundae,3,62.92,2.49,6.29,SAVE10,5.03,64.15,Credit Card,2024-12-01 19:29:00,41,,Pending,,"865 Park Blvd, Houston",Houston
ORD00197,USR6439,Rachel Turner,rachel.turner89@email.com,+1-814-584-6952,R008,The Grill,BBQ,BBQ Ribs,1,51.4,1.99,0.0,None,4.11,57.5,PayPal,2024-06-23 14:53:00,38,50,Cancelled,,"47 Oak Ave, Los Angeles",Los Angeles
ORD00198,USR9067,Ethan Brown,ethan.brown62@email.com,+1-309-360-4209,R004,Taco Fiesta,Mexican,Quesadilla,1,20.68,1.99,3.1,WEEKEND15,1.65,21.22,Cash on Delivery,2024-02-25 21:26:00,22,,Pending,,"791 Park Blvd, Los Angeles",Los Angeles
ORD00199,USR8493,Samuel Wright,samuel.wright74@email.com,+1-337-610-1071,R009,Sweet Treats,Desserts,Chocolate Lava Cake; Brownie; Ice Cream Sundae,3,35.79,3.49,0.0,None,2.86,42.14,Google Pay,2024-12-20 18:11:00,28,26,Delivered,1,"517 Park Blvd, Philadelphia",Philadelphia
ORD00200,USR7859,Tina Hall,tina.hall98@email.com,+1-980-354-5482,R007,Shawarma King,Middle Eastern,Hummus Plate; Mixed Grill,2,53.97,1.99,2.7,LOYAL5,4.32,57.58,Cash on Delivery,2024-11-04 20:56:00,52,,Pending,,"729 Lake Dr, Philadelphia",Philadelphia
